-- phpMyAdmin SQL Dump
-- version 4.5.4.1deb2ubuntu2
-- http://www.phpmyadmin.net
--
-- Host: localhost
-- Generation Time: Feb 27, 2018 at 01:08 PM
-- Server version: 5.7.21-0ubuntu0.16.04.1
-- PHP Version: 5.6.33-1+ubuntu16.04.1+deb.sury.org+1

SET SQL_MODE = "NO_AUTO_VALUE_ON_ZERO";
SET time_zone = "+00:00";


/*!40101 SET @OLD_CHARACTER_SET_CLIENT=@@CHARACTER_SET_CLIENT */;
/*!40101 SET @OLD_CHARACTER_SET_RESULTS=@@CHARACTER_SET_RESULTS */;
/*!40101 SET @OLD_COLLATION_CONNECTION=@@COLLATION_CONNECTION */;
/*!40101 SET NAMES utf8mb4 */;

--
-- Database: `cake_cms`
--

-- --------------------------------------------------------

--
-- Table structure for table `articles`
--

CREATE TABLE `articles` (
  `id` int(11) NOT NULL,
  `user_id` int(11) NOT NULL,
  `title` varchar(255) NOT NULL,
  `slug` varchar(191) NOT NULL,
  `body` text,
  `published` tinyint(1) DEFAULT '0',
  `created` datetime DEFAULT NULL,
  `modified` datetime DEFAULT NULL
) ENGINE=InnoDB DEFAULT CHARSET=utf8mb4;

--
-- Dumping data for table `articles`
--

INSERT INTO `articles` (`id`, `user_id`, `title`, `slug`, `body`, `published`, `created`, `modified`) VALUES
(1, 1, 'First Post', 'first-post', 'This is the very first post inserted...!!!!!', 1, '2017-12-28 11:55:14', '2017-12-29 09:23:06'),
(4, 1, 'The Crud Operation', 'The-Crud-Operation', 'This should be deleted.', 0, '2017-12-28 09:27:21', '2017-12-28 09:27:57'),
(6, 1, 'CRUD OPARATION', 'CRUD-OPARATION', 'There are many variations of passages of Lorem Ipsum available, but the majority have suffered alteration in some form, by injected humour, or randomised words which don\'t look even slightly believable. If you are going to use a passage of Lorem Ipsum, you need to be sure there isn\'t anything embarrassing hidden in the middle of text. All the Lorem Ipsum generators on the Internet tend to repeat predefined chunks as necessary, making this the first true generator on the Internet. ', 0, '2017-12-28 10:12:04', '2017-12-29 05:09:20'),
(7, 1, 'CRUD Operation', 'CRUD-Operation', 'Qwerty Keyboard....', 0, '2017-12-28 11:17:52', '2017-12-28 11:17:52'),
(8, 1, 'News Article ', 'News-Article', 'News Generation of article.', 0, '2017-12-28 12:47:51', '2017-12-28 12:47:51'),
(9, 1, 'What is Lorem Ipsum?', 'What-is-Lorem-Ipsum', 'Lorem Ipsum is simply dummy text of the printing and typesetting industry. Lorem Ipsum has been the industry\'s standard dummy text ever since the 1500s, when an unknown printer took a galley of type and scrambled it to make a type specimen book. It has survived not only five centuries, but also the leap into electronic typesetting, remaining essentially unchanged. It was popularised in the 1960s with the release of Letraset sheets containing Lorem Ipsum passages, and more recently with desktop publishing software like Aldus PageMaker including versions of Lorem Ipsum.', 0, '2017-12-29 09:42:15', '2017-12-29 09:42:20');

-- --------------------------------------------------------

--
-- Table structure for table `articles_tags`
--

CREATE TABLE `articles_tags` (
  `article_id` int(11) NOT NULL,
  `tag_id` int(11) NOT NULL
) ENGINE=InnoDB DEFAULT CHARSET=latin1;

--
-- Dumping data for table `articles_tags`
--

INSERT INTO `articles_tags` (`article_id`, `tag_id`) VALUES
(1, 1),
(6, 2),
(7, 2),
(8, 3),
(9, 3);

-- --------------------------------------------------------

--
-- Table structure for table `generates`
--

CREATE TABLE `generates` (
  `id` int(11) NOT NULL
) ENGINE=InnoDB DEFAULT CHARSET=latin1;

-- --------------------------------------------------------

--
-- Table structure for table `tags`
--

CREATE TABLE `tags` (
  `id` int(11) NOT NULL,
  `title` varchar(191) DEFAULT NULL,
  `created` datetime DEFAULT NULL,
  `modified` datetime DEFAULT NULL
) ENGINE=InnoDB DEFAULT CHARSET=utf8mb4;

--
-- Dumping data for table `tags`
--

INSERT INTO `tags` (`id`, `title`, `created`, `modified`) VALUES
(1, 'admin', '2017-12-29 07:33:09', '2017-12-29 09:15:49'),
(2, 'crud', '2017-12-29 09:23:58', '2017-12-29 09:23:58'),
(3, 'news', '2017-12-29 09:38:35', '2017-12-29 09:38:35');

-- --------------------------------------------------------

--
-- Table structure for table `test`
--

CREATE TABLE `test` (
  `id` int(11) NOT NULL
) ENGINE=InnoDB DEFAULT CHARSET=latin1;

-- --------------------------------------------------------

--
-- Table structure for table `users`
--

CREATE TABLE `users` (
  `id` int(11) NOT NULL,
  `email` varchar(255) NOT NULL,
  `password` varchar(255) NOT NULL,
  `created` datetime DEFAULT NULL,
  `modified` datetime DEFAULT NULL
) ENGINE=InnoDB DEFAULT CHARSET=latin1;

--
-- Dumping data for table `users`
--

INSERT INTO `users` (`id`, `email`, `password`, `created`, `modified`) VALUES
(1, 'cakephp@example.com', '$2y$10$PVxKQG9gExRPQ1KFvh3BK.V1pb47SMNsNnHzw8fSctS6R.meKBhCi', '2017-12-28 11:55:14', '2017-12-29 07:26:58');

--
-- Indexes for dumped tables
--

--
-- Indexes for table `articles`
--
ALTER TABLE `articles`
  ADD PRIMARY KEY (`id`),
  ADD UNIQUE KEY `slug` (`slug`),
  ADD KEY `user_key` (`user_id`);

--
-- Indexes for table `articles_tags`
--
ALTER TABLE `articles_tags`
  ADD PRIMARY KEY (`article_id`,`tag_id`),
  ADD KEY `tag_key` (`tag_id`);

--
-- Indexes for table `generates`
--
ALTER TABLE `generates`
  ADD PRIMARY KEY (`id`);

--
-- Indexes for table `tags`
--
ALTER TABLE `tags`
  ADD PRIMARY KEY (`id`),
  ADD UNIQUE KEY `title` (`title`);

--
-- Indexes for table `test`
--
ALTER TABLE `test`
  ADD PRIMARY KEY (`id`);

--
-- Indexes for table `users`
--
ALTER TABLE `users`
  ADD PRIMARY KEY (`id`);

--
-- AUTO_INCREMENT for dumped tables
--

--
-- AUTO_INCREMENT for table `articles`
--
ALTER TABLE `articles`
  MODIFY `id` int(11) NOT NULL AUTO_INCREMENT, AUTO_INCREMENT=10;
--
-- AUTO_INCREMENT for table `generates`
--
ALTER TABLE `generates`
  MODIFY `id` int(11) NOT NULL AUTO_INCREMENT;
--
-- AUTO_INCREMENT for table `tags`
--
ALTER TABLE `tags`
  MODIFY `id` int(11) NOT NULL AUTO_INCREMENT, AUTO_INCREMENT=4;
--
-- AUTO_INCREMENT for table `test`
--
ALTER TABLE `test`
  MODIFY `id` int(11) NOT NULL AUTO_INCREMENT;
--
-- AUTO_INCREMENT for table `users`
--
ALTER TABLE `users`
  MODIFY `id` int(11) NOT NULL AUTO_INCREMENT, AUTO_INCREMENT=2;
--
-- Constraints for dumped tables
--

--
-- Constraints for table `articles`
--
ALTER TABLE `articles`
  ADD CONSTRAINT `articles_ibfk_1` FOREIGN KEY (`user_id`) REFERENCES `users` (`id`);

--
-- Constraints for table `articles_tags`
--
ALTER TABLE `articles_tags`
  ADD CONSTRAINT `articles_tags_ibfk_1` FOREIGN KEY (`tag_id`) REFERENCES `tags` (`id`),
  ADD CONSTRAINT `articles_tags_ibfk_2` FOREIGN KEY (`article_id`) REFERENCES `articles` (`id`);

/*!40101 SET CHARACTER_SET_CLIENT=@OLD_CHARACTER_SET_CLIENT */;
/*!40101 SET CHARACTER_SET_RESULTS=@OLD_CHARACTER_SET_RESULTS */;
/*!40101 SET COLLATION_CONNECTION=@OLD_COLLATION_CONNECTION */;
